{
  "image_processor": {
    "data_format": "channels_first",
    "do_align_long_axis": true,
    "do_normalize": true,
    "do_pad": true,
    "do_rescale": true,
    "do_resize": true,
    "do_thumbnail": true,
    "image_mean": [
      0.5,
      0.5,
      0.5
    ],
    "image_processor_type": "DonutImageProcessorFast",
    "image_std": [
      0.5,
      0.5,
      0.5
    ],
    "resample": 2,
    "rescale_factor": 0.00392156862745098,
    "size": {
      "height": 2560,
      "width": 1920
    }
  },
  "processor_class": "DonutProcessor"
}
