{
  "best_global_step": null,
  "best_metric": null,
  "best_model_checkpoint": null,
  "epoch": 3.0,
  "eval_steps": 200,
  "global_step": 81,
  "is_hyper_param_search": false,
  "is_local_process_zero": true,
  "is_world_process_zero": true,
  "log_history": [
    {
      "epoch": 0.3755868544600939,
      "grad_norm": 25.387062072753906,
      "learning_rate": 4.5e-06,
      "loss": 62.11146240234375,
      "step": 10
    },
    {
      "epoch": 0.7511737089201878,
      "grad_norm": 25.924484252929688,
      "learning_rate": 9.5e-06,
      "loss": 62.19097900390625,
      "step": 20
    },
    {
      "epoch": 1.1126760563380282,
      "grad_norm": 26.96824836730957,
      "learning_rate": 1.45e-05,
      "loss": 59.23843994140625,
      "step": 30
    },
    {
      "epoch": 1.488262910798122,
      "grad_norm": 31.732460021972656,
      "learning_rate": 1.9500000000000003e-05,
      "loss": 60.457757568359376,
      "step": 40
    },
    {
      "epoch": 1.863849765258216,
      "grad_norm": 33.17871856689453,
      "learning_rate": 2.45e-05,
      "loss": 58.68741455078125,
      "step": 50
    },
    {
      "epoch": 2.2253521126760565,
      "grad_norm": 33.636260986328125,
      "learning_rate": 2.95e-05,
      "loss": 53.10014038085937,
      "step": 60
    },
    {
      "epoch": 2.60093896713615,
      "grad_norm": 30.39822769165039,
      "learning_rate": 3.45e-05,
      "loss": 51.280828857421874,
      "step": 70
    },
    {
      "epoch": 2.976525821596244,
      "grad_norm": 31.326326370239258,
      "learning_rate": 3.9500000000000005e-05,
      "loss": 46.73200378417969,
      "step": 80
    }
  ],
  "logging_steps": 10,
  "max_steps": 81,
  "num_input_tokens_seen": 0,
  "num_train_epochs": 3,
  "save_steps": 200,
  "stateful_callbacks": {
    "TrainerControl": {
      "args": {
        "should_epoch_stop": false,
        "should_evaluate": false,
        "should_log": false,
        "should_save": true,
        "should_training_stop": true
      },
      "attributes": {}
    }
  },
  "total_flos": 2.268073984720896e+19,
  "train_batch_size": 2,
  "trial_name": null,
  "trial_params": null
}
